<?xml version="1.0" encoding="UTF-8"?>
<beans xmlns="http://www.springframework.org/schema/beans"
       xmlns:xsi="http://www.w3.org/2001/XMLSchema-instance"
       xmlns:context="http://www.springframework.org/schema/context"
       xmlns:aop="http://www.springframework.org/schema/aop"
       xsi:schemaLocation="
           http://www.springframework.org/schema/beans
           http://www.springframework.org/schema/beans/spring-beans.xsd
           http://www.springframework.org/schema/context
           http://www.springframework.org/schema/context/spring-context.xsd
           http://www.springframework.org/schema/aop
           http://www.springframework.org/schema/aop/spring-aop.xsd">

    <bean id="bookRepository" class="org.library.task5.task7.Repos.BookRepository"/>

    <bean id="bookService" class="org.library.task5.task7.Service.BookService">
        <property name="BookRepository" ref="bookRepository"/>
    </bean>
    <!-- Task 7 Creating constructor argument -->
    <!--    <bean id="bookService" class="Service.org.library.task5.task7.BookService"> &lt;!&ndash; Constructor Task - 7 &ndash;&gt;-->
<!--        <constructor-arg ref="bookRepository"/>-->
<!--    </bean>-->

    <context:component-scan base-package="com.library"/>

    <aop:aspectj-autoproxy/>

    <bean id="loggingAspect" class="com.library.aspect.Loggingaspect"/>
</beans>
